Country,A/HRC/34/L.42,A/HRC/34/L.43,A/HRC/34/L.44,A/HRC/34/L.45,A/HRC/34/L.51,A/HRC/34/L.47,A/HRC/34/L.52,A/HRC/35/L.39,A/HRC/35/L.40,A/HRC/35/L.45,A/HRC/35/L.47,A/HRC/35/L.48,A/HRC/35/L.41,A/HRC/35/L.42,A/HRC/35/L.43,A/HRC/35/L.44,A/HRC/35/L.46,A/HRC/36/L.63,A/HRC/36/L.64,A/HRC/36/L.37,A/HRC/36/L.38,A/HRC/36/L.39,A/HRC/36/L.40,A/HRC/36/L.41,A/HRC/36/L.42,A/HRC/36/L.62,A/HRC/36/L.43,A/HRC/36/L.45,A/HRC/36/L.46,A/HRC/36/L.47,A/HRC/36/L.48,A/HRC/36/L.49,A/HRC/36/L.50,A/HRC/36/L.51,A/HRC/36/L.52,A/HRC/36/L.53,A/HRC/36/L.54,A/HRC/36/L.55,A/HRC/36/L.56,A/HRC/36/L.57,A/HRC/36/L.58,A/HRC/36/L.59,A/HRC/36/L.60,A/HRC/36/L.61
ALB,0,0,0,0,0,0,0,0,0,1,1,1,1,1,0,0,0,0,0,0,0,0,0,0,0,0,0,0,0,0,0,0,0,0,0,0,0,0,0,0,0,0,0,0
ARE,1,1,1,1,1,0,1,1,1,0,0,0,0,0,1,0,1,1,1,1,1,0,0,1,1,1,0,1,1,1,1,1,1,1,1,1,1,1,1,1,1,0,1,1
BDI,1,1,1,1,1,0,1,1,1,0,0,0,0,0,1,1,1,1,1,1,1,1,1,1,1,1,1,1,1,1,1,1,1,1,1,1,1,1,1,1,1,1,1,1
BEL,0,0,0,0,0,0,0,0,0,1,1,1,1,1,0,0,0,0,0,0,0,0,0,0,0,0,0,0,0,0,0,0,0,0,0,0,0,0,0,0,0,0,0,0
BGD,1,0,1,1,1,0,1,1,1,0,0,0,0,0,0,0,0,1,1,0,0,0,0,1,0,1,1,1,1,1,1,1,1,1,1,1,1,1,1,1,1,1,1,1
BOL,1,1,1,1,1,1,1,1,0,0,0,0,0,0,1,1,1,1,1,3,3,1,1,3,3,3,0,1,1,1,1,1,1,1,1,1,1,1,1,1,1,1,1,1
BRA,0,0,0,0,0,0,0,0,0,1,1,1,1,1,0,0,0,0,0,0,0,0,0,0,0,0,0,0,1,0,1,0,0,0,0,0,0,0,0,0,1,1,1,0
BWA,0,0,0,0,0,1,0,0,0,0,0,0,1,1,0,0,1,0,0,1,1,0,0,1,1,1,1,0,1,0,1,1,0,1,1,0,0,0,0,1,0,1,1,1
CHE,0,0,0,0,0,0,0,0,0,1,1,1,1,1,0,0,0,0,0,0,0,0,0,0,0,0,0,0,0,0,0,0,0,0,0,0,0,0,0,0,0,0,0,0
CHN,1,1,1,1,1,0,1,1,1,0,0,0,0,0,1,1,0,1,1,1,1,1,1,1,1,1,0,1,1,1,1,1,1,1,1,1,1,1,1,1,1,1,1,1
CIV,0,0,0,0,0,0,0,0,1,0,0,0,1,1,0,0,0,0,0,0,0,0,0,0,0,0,0,0,0,0,0,0,0,0,0,0,0,0,0,0,0,0,0,0
COG,0,0,0,0,0,1,1,0,1,0,0,0,1,1,0,1,1,0,0,0,0,0,0,0,0,0,0,0,0,0,0,0,1,0,0,0,0,0,0,0,0,1,1,0
CUB,1,1,3,3,1,1,1,3,3,3,3,3,0,0,1,3,1,1,1,3,1,1,1,1,3,1,3,1,1,1,1,1,3,1,1,1,1,1,1,1,1,0,1,1
DEU,0,0,0,0,0,0,0,0,0,1,1,1,1,1,0,0,0,0,0,0,0,0,0,0,0,0,0,0,0,0,0,0,0,0,0,0,0,0,0,0,0,0,0,0
ECU,0,0,0,0,1,1,0,0,0,1,1,1,1,1,1,0,1,0,1,0,0,1,1,0,0,0,1,0,1,0,0,0,0,0,0,0,1,0,0,0,1,1,1,0
EGY,1,1,1,1,1,0,1,1,1,0,0,0,0,0,1,1,1,1,1,1,1,0,0,1,1,1,1,1,1,1,1,1,1,1,1,1,1,1,1,1,1,0,1,1
ETH,1,1,0,0,1,0,1,0,1,0,0,0,0,0,0,0,0,1,0,1,1,1,0,1,0,1,0,1,1,0,1,1,1,1,1,1,1,1,1,1,1,0,1,1
GBR,0,0,0,0,0,0,0,0,0,1,1,1,1,1,0,0,0,0,0,0,0,0,0,0,0,0,0,0,0,0,0,0,0,0,0,0,0,0,0,0,0,0,0,0
GEO,0,0,0,0,0,0,0,0,0,1,1,1,1,1,0,0,0,0,0,0,0,0,0,0,0,0,0,0,0,0,0,0,0,0,0,0,0,0,0,0,0,0,0,0
GHA,0,0,0,0,0,0,0,0,0,0,0,0,1,1,0,0,0,0,0,0,0,0,0,0,0,0,0,0,0,0,0,0,0,0,0,0,0,0,0,0,0,0,0,0
HRV,0,0,0,0,0,0,0,0,0,1,0,0,1,1,0,0,0,0,0,0,0,0,0,0,0,0,0,0,0,0,0,0,0,0,0,0,0,0,0,0,0,0,0,0
HUN,0,0,0,0,0,0,0,0,0,1,0,0,1,1,0,0,0,0,0,0,0,0,0,0,0,0,0,0,0,0,0,0,0,0,0,0,0,0,0,0,0,0,0,0
IDN,0,0,0,0,0,0,1,0,1,0,0,0,0,0,1,1,0,1,1,1,1,0,0,1,1,1,0,1,1,0,1,1,1,1,1,0,1,1,1,1,1,1,1,1
IND,1,1,1,1,1,0,1,1,1,0,0,0,0,0,1,1,0,1,1,1,1,1,1,1,1,1,0,1,1,1,1,1,1,1,1,1,1,1,1,1,1,1,1,1
IRQ,1,0,0,0,0,0,0,1,1,0,0,0,1,1,1,0,0,1,1,1,1,0,0,1,1,1,1,0,1,1,0,1,0,1,0,1,0,1,1,0,0,0,1,0
JPN,0,0,0,0,0,0,0,0,0,1,1,1,1,1,0,0,0,0,0,1,1,0,0,1,0,0,0,0,0,0,0,0,0,0,0,0,0,0,0,0,0,0,0,0
KEN,0,0,0,0,1,0,1,0,1,0,0,0,0,0,0,0,1,1,1,0,0,0,1,1,1,1,1,3,0,1,1,1,1,1,1,0,1,1,1,1,0,0,1,1
KGZ,0,0,0,0,1,0,1,0,0,0,0,0,0,0,1,1,0,1,1,1,1,1,1,1,0,1,1,1,1,1,1,1,1,1,1,1,1,1,1,1,1,1,1,1
KOR,0,0,0,1,0,0,0,0,0,1,1,1,1,1,0,0,0,0,0,1,1,0,0,0,0,0,0,0,0,0,0,0,0,0,0,0,0,0,0,0,0,0,0,0
LVA,0,0,0,0,0,0,0,0,0,1,1,1,1,1,0,0,0,0,0,0,0,0,0,0,0,0,0,0,0,0,0,0,0,0,0,0,0,0,0,0,0,0,0,0
MNG,0,0,0,0,0,0,0,0,0,0,0,0,1,1,0,0,0,0,0,0,0,0,0,0,0,0,0,0,1,0,0,0,0,0,0,0,0,1,1,0,0,0,0,0
NGA,1,1,1,0,1,0,1,1,1,0,0,0,0,0,0,0,0,1,1,0,0,0,0,1,0,1,0,0,1,0,0,0,0,0,0,1,1,1,1,0,0,0,0,0
NLD,0,0,0,0,0,0,0,0,0,1,1,1,1,1,0,0,0,0,0,0,0,0,0,0,0,0,0,0,0,0,0,0,0,0,0,0,0,0,0,0,0,0,0,0
PAN,0,0,0,1,0,0,0,0,0,1,1,1,1,1,0,0,0,0,0,0,0,0,0,0,0,0,0,0,0,0,0,0,0,0,0,0,0,0,0,0,0,0,0,0
PHL,1,0,0,0,0,0,0,1,1,0,0,0,0,0,0,0,0,1,1,0,0,0,0,0,0,0,1,1,1,0,1,1,1,1,1,1,1,1,1,1,1,0,1,1
PRT,0,0,0,0,0,0,0,0,0,1,1,1,1,1,0,0,0,0,0,0,0,0,0,0,0,0,0,0,0,0,0,0,0,0,0,0,0,0,0,0,0,0,0,0
PRY,0,0,0,0,0,0,0,0,0,0,0,0,1,1,0,0,0,0,0,0,0,0,0,0,0,0,0,0,0,0,0,0,0,0,0,0,0,0,0,0,0,0,0,0
QAT,1,1,1,0,1,0,1,1,1,0,0,0,0,0,0,0,1,0,0,1,1,1,1,0,0,1,0,0,1,0,0,1,0,1,0,0,0,1,1,0,1,1,0,1
RWA,0,0,0,0,0,0,0,0,0,0,0,0,1,1,0,0,0,0,0,0,0,0,0,0,0,0,0,0,1,0,0,0,0,0,0,0,0,0,0,0,0,0,1,0
SAU,1,1,1,0,1,0,1,1,1,0,0,0,0,0,1,0,1,1,1,1,1,0,0,1,1,1,0,1,1,1,1,1,1,1,1,1,1,1,1,1,1,0,1,1
SLV,0,0,0,0,0,0,0,0,0,0,0,0,1,1,0,0,0,0,0,0,0,0,0,0,0,0,0,0,0,0,0,0,0,0,0,0,0,1,1,0,0,1,0,0
SVN,0,0,0,1,0,0,0,0,0,1,1,1,1,1,0,0,0,0,0,0,0,0,0,0,0,0,0,0,0,0,0,0,0,0,0,0,0,0,0,0,0,0,0,0
TGO,0,0,0,0,0,0,0,0,0,0,0,0,0,0,0,0,0,0,0,0,0,0,0,0,0,0,0,0,0,0,0,0,0,0,0,0,0,0,0,0,0,0,0,0
TUN,0,0,0,0,0,1,0,0,0,0,0,0,1,1,0,0,1,0,0,0,0,0,0,0,0,0,0,0,1,0,0,0,0,0,0,0,0,0,0,0,0,0,1,0
USA,0,0,0,0,0,0,0,0,0,1,1,1,1,1,0,0,0,0,1,1,1,0,0,1,0,0,0,0,0,0,0,0,0,0,0,0,0,0,0,0,0,0,0,0
VEN,1,1,1,1,1,3,1,1,3,0,0,0,0,0,1,1,1,1,1,3,3,1,1,1,1,1,1,1,1,1,1,1,1,1,1,1,1,1,1,1,1,1,1,1
ZAF,0,0,0,0,0,1,1,0,0,1,1,1,0,0,0,0,1,0,1,0,0,0,0,0,0,0,0,0,1,0,0,1,1,1,0,0,1,1,1,0,1,1,1,1
